{"1":{"expensive_search":2,"read":5,"update":1,"write":3},"2":{"expensive_search":1,"read":10,"update":2,"write":5,"delete":2},"3":{"expensive_search":4,"read":6,"update":5,"write":3,"delete":2},"4":{"expensive_search":0,"read":8,"update":3,"write":5,"delete":4},"5":{"expensive_search":5,"read":2,"update":5,"write":4,"delete":4},"6":{"expensive_search":0,"read":7,"update":2,"write":6,"delete":5},"7":{"expensive_search":3,"read":9,"update":4,"write":2,"delete":2},"8":{"expensive_search":4,"read":5,"update":3,"write":5,"delete":3},"9":{"expensive_search":1,"read":8,"update":5,"write":2,"delete":4},"10":{"expensive_search":3,"read":7,"update":5,"write":4,"delete":1}}