{"1":{"expensive_search":3,"read":2,"update":2,"write":4,"delete":4},"2":{"expensive_search":1,"read":6,"update":2,"write":3,"delete":1},"3":{"expensive_search":3,"read":9,"write":1,"delete":3},"4":{"expensive_search":3,"read":5,"update":1,"write":7,"delete":4},"5":{"expensive_search":4,"read":4,"update":4,"write":5,"delete":3},"6":{"expensive_search":3,"read":8,"update":3,"write":4,"delete":2},"7":{"expensive_search":3,"read":7,"update":2,"write":4,"delete":4},"8":{"expensive_search":5,"read":5,"update":5,"write":3,"delete":2},"9":{"expensive_search":2,"read":9,"update":4,"write":4,"delete":1},"10":{"expensive_search":3,"read":6,"update":3,"write":5,"delete":3}}